date,us_equity,intl_equity,bonds,cash,inflation
1970-02,-0.031958,-0.031958,0.018127,0.006200,0.005291
1970-03,0.020126,0.020126,-0.016555,0.005700,0.005263
1970-04,-0.027474,-0.027474,-0.029501,0.005000,0.007853
1970-05,-0.111987,-0.111987,0.011407,0.005300,0.002597
1970-06,-0.002695,-0.002695,0.033107,0.005800,0.005181
1970-07,0.005229,0.005229,0.001336,0.005200,0.005155
1970-08,0.032561,0.032561,0.016095,0.005300,0.000000
1970-09,0.063217,0.063217,0.010378,0.005400,0.005128
1970-10,0.024878,0.024878,0.041321,0.004600,0.005102
1970-11,0.002051,0.002051,0.038691,0.004600,0.005076
1970-12,0.071567,0.071567,0.016396,0.004200,0.005051
1971-01,0.041098,0.041098,0.014851,0.003800,0.000000
1971-02,0.041502,0.041502,0.036095,0.003300,0.002513
1971-03,0.028310,0.028310,-0.005023,0.003000,0.002506
1971-04,0.036736,0.036736,-0.036197,0.002800,0.002500
1971-05,-0.011081,-0.011081,-0.004151,0.002900,0.004988
1971-06,-0.015961,-0.015961,-0.009732,0.003700,0.007444
1971-07,-0.004632,-0.004632,0.016513,0.004000,0.002463
1971-08,-0.015174,-0.015174,0.038103,0.004700,0.002457
1971-09,0.024861,0.024861,0.020833,0.003700,0.000000
1971-10,-0.018642,-0.018642,0.013971,0.003700,0.002451
1971-11,-0.043721,-0.043721,-0.004139,0.003700,0.000000
1971-12,0.071630,0.071630,0.003446,0.003700,0.004890
1972-01,0.044225,0.044225,-0.004705,0.002900,0.000000
1972-02,0.020870,0.020870,0.005810,0.002500,0.004866
1972-03,0.026196,0.026196,-0.003818,0.002700,0.002421
1972-04,0.012589,0.012589,0.009609,0.002900,0.002415
1972-05,-0.007759,-0.007759,0.006593,0.003000,0.002410
1972-06,0.005161,0.005161,0.005092,0.002900,0.002404
1972-07,-0.005036,-0.005036,-0.002299,0.003100,0.004796
1972-08,0.037839,0.037839,-0.019574,0.002900,0.002387
1972-09,-0.012102,-0.012102,0.010570,0.003400,0.002381
1972-10,0.004192,0.004192,0.020135,0.004000,0.004751
1972-11,0.052560,0.052560,-0.000640,0.003700,0.002364
1972-12,0.023132,0.023132,-0.002008,0.003700,0.002358
1973-01,0.009898,0.009898,-0.007667,0.004400,0.002353
1973-02,-0.033247,-0.033247,0.000474,0.004200,0.007042
1973-03,-0.013449,-0.013449,0.008488,0.004600,0.009324
1973-04,-0.016321,-0.016321,-0.007371,0.005200,0.006928
1973-05,-0.025685,-0.025685,0.002125,0.005100,0.006881
1973-06,-0.019885,-0.019885,-0.010569,0.005100,0.006834
1973-07,0.012116,0.012116,-0.012989,0.006400,0.002262
1973-08,-0.016341,-0.016341,0.028200,0.007000,0.018059
1973-09,0.019966,0.019966,0.027515,0.006800,0.002217
1973-10,0.042382,0.042382,0.009991,0.006500,0.008850
1973-11,-0.068501,-0.068501,0.004887,0.005600,0.006579
1973-12,-0.068023,-0.068023,-0.012231,0.006400,0.006536
1974-01,0.017022,0.017022,0.007969,0.006300,0.008658
1974-02,-0.024711,-0.024711,-0.011875,0.005800,0.012876
1974-03,0.045764,0.045764,-0.014925,0.005600,0.012712
1974-04,-0.048149,-0.048149,0.001389,0.007500,0.004184
1974-05,-0.027039,-0.027039,0.009104,0.007500,0.012500
1974-06,0.004591,0.004591,-0.012313,0.006000,0.008230
1974-07,-0.113441,-0.113441,-0.009176,0.007000,0.008163
1974-08,-0.037616,-0.037616,0.006700,0.006000,0.012146
1974-09,-0.100103,-0.100103,0.016305,0.008100,0.012000
1974-10,0.023773,0.023773,0.021821,0.005100,0.009881
1974-11,0.037438,0.037438,0.023906,0.005400,0.007828
1974-12,-0.060914,-0.060914,0.001305,0.007000,0.007767
1975-01,0.086357,0.086357,0.013966,0.005800,0.003854
1975-02,0.108102,0.108102,-0.017340,0.004300,0.007678
1975-03,0.049761,0.049761,-0.027376,0.004100,0.003810
1975-04,0.014884,0.014884,0.018441,0.004400,0.003795
1975-05,0.067139,0.067139,0.020462,0.004400,0.005671
1975-06,0.028959,0.028959,-0.007076,0.004100,0.007519
1975-07,0.004320,0.004320,-0.016112,0.004800,0.011194
1975-08,-0.069963,-0.069963,0.004988,0.004800,0.001845
1975-09,-0.008527,-0.008527,0.026715,0.005300,0.005525
1975-10,0.049703,0.049703,0.012918,0.005600,0.005495
1975-11,0.020408,0.020408,0.010124,0.004100,0.007286
1975-12,-0.011806,-0.011806,0.024628,0.004800,0.003617
1976-01,0.095456,0.095456,0.003003,0.004700,0.001802
1976-02,0.041784,0.041784,0.010638,0.003400,0.003597
1976-03,0.008027,0.008027,0.018278,0.004000,0.001792
1976-04,0.010974,0.010974,-0.017026,0.004200,0.003578
1976-05,-0.003814,-0.003814,0.009332,0.003700,0.007130
1976-06,0.009025,0.009025,0.008614,0.004300,0.005310
1976-07,0.026678,0.026678,0.010665,0.004700,0.005282
1976-08,-0.005582,-0.005582,0.018991,0.004200,0.005254
1976-09,0.024403,0.024403,0.018940,0.004400,0.003484
1976-10,-0.031029,-0.031029,0.014629,0.004100,0.005208
1976-11,-0.003612,-0.003612,0.036217,0.004000,0.001727
1976-12,0.037920,0.037920,-0.018313,0.004000,0.003448
1977-01,-0.005335,-0.005335,-0.006618,0.003600,0.005155
1977-02,-0.023649,-0.023649,0.001263,0.003500,0.010256
1977-03,-0.000503,-0.000503,0.012535,0.003800,0.006768
1977-04,-0.011890,-0.011890,-0.000152,0.003800,0.008403
1977-05,0.000693,0.000693,0.018904,0.003700,0.005000
1977-06,0.009045,0.009045,0.002550,0.004000,0.006633
1977-07,0.012864,0.012864,0.001200,0.004200,0.004942
1977-08,-0.020747,-0.020747,0.010385,0.004400,0.003279
1977-09,-0.011714,-0.011714,-0.006438,0.004300,0.003268
1977-10,-0.021930,-0.021930,0.002093,0.004900,0.003257
1977-11,0.009862,0.009862,-0.001299,0.005000,0.004870
1977-12,-0.000751,-0.000751,-0.012067,0.004900,0.003231
1978-01,-0.033865,-0.033865,0.001858,0.004900,0.006441
1978-02,-0.009680,-0.009680,0.006010,0.004600,0.006400
1978-03,0.002697,0.002697,-0.000765,0.005300,0.007949
1978-04,0.048334,0.048334,-0.006666,0.005400,0.007886
1978-05,0.055076,0.055076,-0.000408,0.005100,0.009390
1978-06,0.006767,0.006767,-0.004912,0.005400,0.010853
1978-07,-0.000592,-0.000592,0.022636,0.005600,0.007669
1978-08,0.073313,0.073313,0.006337,0.005600,0.004566
1978-09,0.004026,0.004026,-0.007604,0.006200,0.007576
1978-10,-0.027722,-0.027722,-0.004016,0.006800,0.009023
1978-11,-0.054363,-0.054363,-0.005742,0.007000,0.004471
1978-12,0.019243,0.019243,0.001643,0.007800,0.004451
1979-01,0.041891,0.041891,0.007583,0.007700,0.008863
1979-02,-0.010533,-0.010533,0.006281,0.007300,0.011713
1979-03,0.023448,0.023448,0.003703,0.008100,0.010130
1979-04,0.024348,0.024348,0.003117,0.008000,0.011461
1979-05,-0.018892,-0.018892,0.030045,0.008200,0.012748
1979-06,0.024215,0.024215,0.004802,0.008100,0.011189
1979-07,0.014255,0.014255,0.002229,0.007700,0.011065
1979-08,0.050189,0.050189,-0.011836,0.007700,0.009576
1979-09,0.015448,0.015448,-0.052341,0.008300,0.010840
1979-10,-0.033489,-0.033489,-0.012797,0.008700,0.008043
1979-11,-0.003187,-0.003187,0.024929,0.009900,0.009309
1979-12,0.044077,0.044077,-0.016234,0.009500,0.010540
1980-01,0.033163,0.033163,-0.082598,0.008000,0.014342
1980-02,0.043996,0.043996,-0.008744,0.008900,0.014139
1980-03,-0.087742,-0.087742,0.086245,0.012100,0.015209
1980-04,-0.011583,-0.011583,0.089905,0.012600,0.011236
1980-05,0.050399,0.050399,0.033815,0.008100,0.009877
1980-06,0.068663,0.068663,-0.021039,0.006100,0.011002
1980-07,0.049726,0.049726,-0.042435,0.005300,0.000000
1980-08,0.035077,0.035077,-0.014933,0.006400,0.007255
1980-09,0.028387,0.028387,-0.004428,0.007500,0.008403
1980-10,0.033267,0.033267,-0.042556,0.009500,0.009524
1980-11,0.046166,0.046166,0.001617,0.009600,0.008255
1980-12,-0.012429,-0.012429,0.025964,0.013100,0.009357
1981-01,0.000125,0.000125,-0.023731,0.010400,0.008111
1981-02,-0.030677,-0.030677,0.014864,0.010700,0.010345
1981-03,0.041459,0.041459,-0.019379,0.012100,0.006826
1981-04,0.012961,0.012961,-0.010969,0.010800,0.006780
1981-05,-0.016150,-0.016150,0.046130,0.011500,0.007856
1981-06,0.008599,0.008599,-0.031618,0.013500,0.008909
1981-07,-0.020135,-0.020135,-0.022144,0.012400,0.011038
1981-08,0.008054,0.008054,-0.006873,0.012800,0.007642
1981-09,-0.082999,-0.082999,0.021466,0.012400,0.009751
1981-10,0.017298,0.017298,0.108971,0.012100,0.002146
1981-11,0.030463,0.030463,-0.006677,0.010700,0.003212
1981-12,0.011819,0.011819,-0.034042,0.008700,0.003202
1982-01,-0.048021,-0.048021,0.020573,0.008000,0.003191
1982-02,-0.019118,-0.019118,0.042664,0.009200,0.003181
1982-03,-0.027424,-0.027424,0.011013,0.009800,-0.001057
1982-04,0.054716,0.054716,0.025122,0.011300,0.004233
1982-05,0.005718,0.005718,-0.024589,0.010600,0.009484
1982-06,-0.052685,-0.052685,0.030665,0.009600,0.012526
1982-07,0.002449,0.002449,0.060978,0.010500,0.005155
1982-08,0.007950,0.007950,0.051961,0.007600,0.002051
1982-09,0.120974,0.120974,0.096711,0.005100,0.002047
1982-10,0.088819,0.088819,0.031174,0.005900,0.003064
1982-11,0.045003,0.045003,0.009405,0.006300,-0.002037
1982-12,0.013559,0.013559,0.013709,0.006700,-0.004082
1983-01,0.039266,0.039266,-0.007120,0.006900,0.002049
1983-02,0.021308,0.021308,0.021836,0.006200,0.001022
1983-03,0.038664,0.038664,0.015547,0.006300,0.000000
1983-04,0.041979,0.041979,0.009902,0.007100,0.007150
1983-05,0.044245,0.044245,-0.019826,0.006900,0.006085
1983-06,0.017540,0.017540,-0.022384,0.006700,0.003024
1983-07,0.007091,0.007091,-0.017861,0.007400,0.004020
1983-08,-0.024062,-0.024062,0.021605,0.007600,0.003003
1983-09,0.033149,0.033149,0.016189,0.007600,0.004990
1983-10,0.006494,0.006494,0.000833,0.007600,0.002979
1983-11,-0.011399,-0.011399,0.001590,0.007000,0.001980
1983-12,-0.001266,-0.001266,0.019235,0.007300,0.000988
1984-01,0.015775,0.015775,-0.000170,0.007600,0.005923
1984-02,-0.051107,-0.051107,-0.017540,0.007100,0.004907
1984-03,0.004439,0.004439,-0.007217,0.007300,0.001953
1984-04,0.005095,0.005095,-0.032140,0.008100,0.004873
1984-05,-0.002503,-0.002503,0.003018,0.007800,0.002910
1984-06,-0.018460,-0.018460,0.022261,0.007500,0.002901
1984-07,-0.009072,-0.009072,0.047101,0.008200,0.003857
1984-08,0.092078,0.092078,0.021929,0.008300,0.003842
1984-09,0.014082,0.014082,0.031120,0.008600,0.004785
1984-10,-0.004099,-0.004099,0.044849,0.010000,0.002857
1984-11,0.012884,0.012884,0.013772,0.007300,0.000000
1984-12,-0.007051,-0.007051,0.016699,0.006400,0.000000
1985-01,0.046998,0.046998,0.001816,0.006500,0.001899
1985-02,0.057895,0.057895,-0.010763,0.005800,0.004739
1985-03,-0.004763,-0.004763,0.035328,0.006200,0.003774
1985-04,0.010260,0.010260,0.044666,0.007200,0.004699
1985-05,0.027369,0.027369,0.052053,0.006600,0.003742
1985-06,0.025122,0.025122,-0.000826,0.005500,0.002796
1985-07,0.022487,0.022487,0.007354,0.006200,0.001859
1985-08,-0.018439,-0.018439,0.006136,0.005500,0.001855
1985-09,-0.018835,-0.018835,0.016718,0.006000,0.002778
1985-10,0.014965,0.014965,0.037665,0.006500,0.003693
1985-11,0.064214,0.064214,0.041809,0.006100,0.002760
1985-12,0.052954,0.052954,0.012261,0.006500,0.002752
1986-01,0.007533,0.007533,0.040138,0.005600,0.002745
1986-02,0.056988,0.056988,0.070696,0.005300,-0.002737
1986-03,0.061843,0.061843,0.040286,0.006000,-0.004575
1986-04,0.027424,0.027424,-0.022278,0.005200,-0.001838
1986-05,0.004928,0.004928,0.000224,0.004900,0.002762
1986-06,0.031342,0.031342,0.041711,0.005200,0.005510
1986-07,-0.018024,-0.018024,0.015291,0.005200,0.000000
1986-08,0.022824,0.022824,-0.013614,0.004600,0.001826
1986-09,-0.024548,-0.024548,0.007609,0.004500,0.004558
1986-10,-0.000893,-0.000893,0.018896,0.004600,0.000907
1986-11,0.035335,0.035335,0.015983,0.003900,0.000907
1986-12,0.017095,0.017095,0.008058,0.004900,0.000906
1987-01,0.066740,0.066740,-0.006098,0.004200,0.006335
1987-02,0.064625,0.064625,0.006042,0.004300,0.003597
1987-03,0.043770,0.043770,-0.046511,0.004700,0.004480
1987-04,-0.008547,-0.008547,-0.032576,0.004400,0.005352
1987-05,0.001746,0.001746,0.021275,0.003800,0.003549
1987-06,0.045002,0.045002,0.003650,0.004800,0.003537
1987-07,0.031234,0.031234,-0.013454,0.004600,0.002643
1987-08,0.064553,0.064553,-0.035134,0.004700,0.005272
1987-09,-0.030292,-0.030292,0.001448,0.004500,0.005245
1987-10,-0.118526,-0.118526,0.051385,0.006000,0.002609
1987-11,-0.123019,-0.123019,-0.001128,0.003500,0.000867
1987-12,-0.013330,-0.013330,0.028730,0.003900,0.000000
1988-01,0.042482,0.042482,0.038364,0.002900,0.002600
1988-02,0.033301,0.033301,-0.003915,0.004600,0.002593
1988-03,0.032336,0.032336,-0.016205,0.004400,0.004310
1988-04,-0.008831,-0.008831,-0.016856,0.004600,0.005150
1988-05,-0.021853,-0.021853,0.018738,0.005100,0.003416
1988-06,0.060012,0.060012,-0.001706,0.004900,0.004255
1988-07,-0.003046,-0.003046,-0.005396,0.005100,0.004237
1988-08,-0.017161,-0.017161,0.026057,0.005900,0.004219
1988-09,0.019296,0.019296,0.019364,0.006200,0.006723
1988-10,0.038044,0.038044,-0.003156,0.006100,0.003339
1988-11,-0.020175,-0.020175,-0.002304,0.005700,0.000832
1988-12,0.023293,0.023293,0.008896,0.006300,0.001663
1989-01,0.035146,0.035146,0.002377,0.005500,0.004979
1989-02,0.033023,0.033023,-0.004605,0.006100,0.004129
1989-03,-0.001584,-0.001584,0.019491,0.006700,0.005757
1989-04,0.035670,0.035670,0.028717,0.006700,0.006541
1989-05,0.041182,0.041182,0.046527,0.007900,0.005686
1989-06,0.033973,0.033973,0.024645,0.007100,0.002423
1989-07,0.028015,0.028015,0.000565,0.007000,0.002417
1989-08,0.046939,0.046939,0.001338,0.007400,0.001608
1989-09,0.004599,0.004599,0.019115,0.006500,0.003210
1989-10,0.002879,0.002879,0.016292,0.006800,0.004800
1989-11,-0.018105,-0.018105,0.008622,0.006900,0.002389
1989-12,0.027401,0.027401,-0.018513,0.006100,0.001589
1990-01,-0.022093,-0.022093,-0.010563,0.005700,0.010309
1990-02,-0.025250,-0.025250,-0.000933,0.005700,0.004710
1990-03,0.027094,0.027094,-0.006048,0.006400,0.005469
1990-04,0.001989,0.001989,0.009308,0.006900,0.001554
1990-05,0.038538,0.038538,0.026035,0.006800,0.002327
1990-06,0.031725,0.031725,0.007736,0.006300,0.005418
1990-07,0.001713,0.001713,-0.011462,0.006800,0.003849
1990-08,-0.078599,-0.078599,-0.001914,0.006600,0.009202
1990-09,-0.043399,-0.043399,0.018667,0.006000,0.008359
1990-10,-0.023132,-0.023132,0.029433,0.006800,0.006029
1990-11,0.029862,0.029862,0.028094,0.005700,0.002247
1990-12,0.045886,0.045886,0.006053,0.006000,0.000000
1991-01,-0.006847,-0.006847,0.023243,0.005200,0.005979
1991-02,0.116069,0.116069,-0.011135,0.004800,0.001486
1991-03,0.030445,0.030445,0.011532,0.004400,0.001484
1991-04,0.022593,0.022593,0.004657,0.005300,0.001481
1991-05,-0.001787,-0.001787,-0.007448,0.004700,0.002959
1991-06,0.003472,0.003472,0.007575,0.004200,0.002950
1991-07,0.007814,0.007814,0.032276,0.004900,0.001471
1991-08,0.026799,0.026799,0.023922,0.004600,0.002937
1991-09,-0.003022,-0.003022,0.014741,0.004600,0.004392
1991-10,0.001811,0.001811,0.013981,0.004200,0.001458
1991-11,0.000152,0.000152,0.029638,0.003900,0.002911
1991-12,0.009346,0.009346,0.010184,0.003800,0.000726
1992-01,0.073589,0.073589,-0.015934,0.003400,0.001450
1992-02,-0.006000,-0.006000,-0.007821,0.002800,0.003621
1992-03,-0.010116,-0.010116,0.010476,0.003400,0.005051
1992-04,0.002643,0.002643,0.012546,0.003200,0.001436
1992-05,0.020684,0.020684,0.015329,0.002800,0.001434
1992-06,-0.013291,-0.013291,0.036232,0.003200,0.003579
1992-07,0.019126,0.019126,0.023866,0.003100,0.002140
1992-08,0.009422,0.009422,0.017938,0.002600,0.002847
1992-09,0.003789,0.003789,-0.007003,0.002600,0.002839
1992-10,-0.011823,-0.011823,-0.014603,0.002300,0.003539
1992-11,0.027568,0.027568,0.012934,0.002300,0.001410
1992-12,0.032713,0.032713,0.017989,0.002800,-0.000704
1993-01,0.001433,0.001433,0.030571,0.002300,0.004933
1993-02,0.017249,0.017249,0.026124,0.002200,0.003506
1993-03,0.021508,0.021508,0.005730,0.002500,0.003494
1993-04,-0.013415,-0.013415,-0.000238,0.002400,0.002786
1993-05,0.007250,0.007250,0.011012,0.002200,0.001389
1993-06,0.008654,0.008654,0.016253,0.002500,0.001387
1993-07,0.000610,0.000610,0.014681,0.002400,0.000000
1993-08,0.017625,0.017625,0.029307,0.002500,0.002770
1993-09,0.013550,0.013550,0.006774,0.002600,0.002072
1993-10,0.012423,0.012423,-0.025023,0.002200,0.004135
1993-11,0.000079,0.000079,0.000998,0.002500,0.000686
1993-12,0.008875,0.008875,0.006317,0.002300,0.000000
1994-01,0.017367,0.017367,-0.011643,0.002500,0.002743
1994-02,-0.000749,-0.000749,-0.032265,0.002100,0.003420
1994-03,-0.014231,-0.014231,-0.029611,0.002700,0.003408
1994-04,-0.033456,-0.033456,-0.009059,0.002700,0.001359
1994-05,0.010591,0.010591,0.011667,0.003200,0.000678
1994-06,0.011089,0.011089,-0.008168,0.003100,0.003390
1994-07,-0.005183,-0.005183,0.010320,0.002800,0.002703
1994-08,0.030826,0.030826,-0.009352,0.003700,0.004043
1994-09,0.008178,0.008178,-0.013127,0.003700,0.002685
1994-10,-0.004423,-0.004423,-0.008604,0.003800,0.000669
1994-11,-0.003684,-0.003684,0.016964,0.003700,0.001338
1994-12,-0.010244,-0.010244,0.008577,0.004400,0.000000
1995-01,0.024514,0.024514,0.028153,0.004200,0.004008
1995-02,0.038191,0.038191,0.025323,0.004000,0.003992
1995-03,0.025580,0.025580,0.015964,0.004600,0.003313
1995-04,0.032168,0.032168,0.037073,0.004400,0.003303
1995-05,0.033488,0.033488,0.039582,0.005400,0.001975
1995-06,0.031793,0.031793,-0.002962,0.004700,0.001971
1995-07,0.035487,0.035487,-0.010094,0.004500,0.000000
1995-08,0.005142,0.005142,0.026850,0.004700,0.002623
1995-09,0.037187,0.037187,0.017082,0.004300,0.001962
1995-10,0.009136,0.009136,0.013266,0.004700,0.003264
1995-11,0.023594,0.023594,0.021570,0.004200,-0.000651
1995-12,0.033901,0.033901,0.009306,0.004900,-0.000651
1996-01,0.001640,0.001640,-0.007331,0.004300,0.005863
1996-02,0.059058,0.059058,-0.029063,0.003900,0.003238
1996-03,-0.001994,-0.001994,-0.012276,0.003900,0.005165
1996-04,0.001978,0.001978,-0.011177,0.004600,0.003854
1996-05,0.023556,0.023556,-0.006562,0.004200,0.001919
1996-06,0.012793,0.012793,0.008629,0.004000,0.000639
1996-07,-0.034749,-0.034749,0.022401,0.004500,0.001914
1996-08,0.030774,0.030774,-0.008127,0.004100,0.001911
1996-09,0.020254,0.020254,0.027549,0.004400,0.003179
1996-10,0.041205,0.041205,0.029841,0.004200,0.003169
1996-11,0.050530,0.050530,-0.002194,0.004100,0.001895
1996-12,0.011991,0.011991,-0.015105,0.004600,0.000000
1997-01,0.032581,0.032581,0.017198,0.004500,0.003153
1997-02,0.043617,0.043617,-0.014182,0.003900,0.003143
1997-03,-0.006231,-0.006231,-0.008766,0.004300,0.002506
1997-04,-0.034049,-0.034049,0.018752,0.004300,0.001250
1997-05,0.092182,0.092182,0.021649,0.004900,-0.000624
1997-06,0.053372,0.053372,0.025354,0.003700,0.001249
1997-07,0.057365,0.057365,-0.000705,0.004300,0.001248
1997-08,0.003483,0.003483,0.011901,0.004100,0.001869
1997-09,0.011925,0.011925,0.018586,0.004400,0.002488
1997-10,0.016459,0.016459,0.016276,0.004200,0.002481
1997-11,-0.011515,-0.011515,0.010167,0.003900,-0.000619
1997-12,0.026351,0.026351,0.025407,0.004800,-0.001238
1998-01,0.002375,0.002375,0.002335,0.004300,0.001860
1998-02,0.064026,0.064026,-0.001421,0.003900,0.001856
1998-03,0.053132,0.053132,0.005467,0.003900,0.001853
1998-04,0.034065,0.034065,0.003942,0.004300,0.001850
1998-05,-0.002211,-0.002211,0.016154,0.004000,0.001846
1998-06,0.001172,0.001172,0.007641,0.004100,0.001229
1998-07,0.044682,0.044682,0.013773,0.004000,0.001227
1998-08,-0.069705,-0.069705,0.046185,0.004300,0.001225
1998-09,-0.048980,-0.048980,0.026343,0.004600,0.001224
1998-10,0.012911,0.012911,-0.019827,0.003200,0.002445
1998-11,0.109745,0.109745,0.018304,0.003100,0.000000
1998-12,0.041042,0.041042,-0.001660,0.003800,-0.000610
1999-01,0.050483,0.050483,-0.017924,0.003500,0.002441
1999-02,-0.000662,-0.000662,-0.013600,0.003500,0.001217
1999-03,0.029241,0.029241,0.008229,0.004300,0.003040
1999-04,0.042500,0.042500,-0.023103,0.003700,0.007273
1999-05,-0.000988,-0.000988,-0.022361,0.003400,0.000000
1999-06,-0.006118,-0.006118,0.013201,0.004000,0.000000
1999-07,0.045228,0.045228,-0.006396,0.003800,0.003008
1999-08,-0.037740,-0.037740,0.006447,0.003900,0.002400
1999-09,-0.005976,-0.005976,-0.009172,0.003900,0.004788
1999-10,-0.012724,-0.012724,0.011052,0.003900,0.001787
1999-11,0.071061,0.071061,-0.013393,0.003600,0.000595
1999-12,0.028088,0.028088,-0.022293,0.004400,0.000000
2000-01,-0.001188,-0.001188,0.015755,0.004100,0.002971
2000-02,-0.024779,-0.024779,0.024606,0.004300,0.005924
2000-03,0.039411,0.039411,0.025369,0.004700,0.008245
2000-04,0.014245,0.014245,-0.027926,0.004600,0.000584
2000-05,-0.028389,-0.028389,0.030618,0.005000,0.001168
2000-06,0.031634,0.031634,0.008805,0.004000,0.005248
2000-07,0.008497,0.008497,0.021580,0.004800,0.002320
2000-08,0.009391,0.009391,0.007117,0.005000,0.000000
2000-09,-0.010803,-0.010803,0.009362,0.005100,0.005208
2000-10,-0.052144,-0.052144,0.006294,0.005600,0.001727
2000-11,-0.007727,-0.007727,0.041828,0.005100,0.000575
2000-12,-0.033202,-0.033202,0.010566,0.005000,-0.000574
2001-01,0.004544,0.004544,0.008962,0.005400,0.006322
2001-02,-0.021369,-0.021369,0.020726,0.003800,0.003998
2001-03,-0.090805,-0.090805,-0.015316,0.004200,0.002275
2001-04,0.004480,0.004480,-0.014888,0.003900,0.003973
2001-05,0.068787,0.068787,0.012969,0.003200,0.004522
2001-06,-0.023893,-0.023893,0.007488,0.002800,0.001688
2001-07,-0.026601,-0.026601,0.025472,0.003000,-0.002809
2001-08,-0.020457,-0.020457,0.023110,0.003100,0.000000
2001-09,-0.112472,-0.112472,0.016681,0.002800,0.004507
2001-10,0.031840,0.031840,-0.002538,0.002200,-0.003365
2001-11,0.050531,0.050531,-0.030331,0.001700,-0.001688
2001-12,0.014660,0.014660,0.008138,0.001500,-0.003946
2002-01,-0.002977,-0.002977,0.014390,0.001400,0.002264
2002-02,-0.033528,-0.033528,-0.024425,0.001300,0.003953
2002-03,0.049452,0.049452,0.009812,0.001300,0.005624
2002-04,-0.035137,-0.035137,0.008216,0.001500,0.005593
2002-05,-0.028196,-0.028196,0.022312,0.001400,0.000000
2002-06,-0.059202,-0.059202,0.026319,0.001300,0.000556
2002-07,-0.107592,-0.107592,0.035374,0.001500,0.001112
2002-08,0.011381,0.011381,0.035626,0.001400,0.003331
2002-09,-0.047585,-0.047585,-0.002513,0.001400,0.001660
2002-10,-0.013662,-0.013662,-0.005688,0.001400,0.001657
2002-11,0.066265,0.066265,0.005008,0.001200,0.000000
2002-12,-0.010342,-0.010342,0.001727,0.001100,-0.002206
2003-01,-0.002221,-0.002221,0.015695,0.001000,0.004422
2003-02,-0.064144,-0.064144,0.010673,0.000900,0.007705
2003-03,0.013084,0.013084,-0.009110,0.001000,0.006008
2003-04,0.052857,0.052857,0.035830,0.001000,-0.002172
2003-05,0.053121,0.053121,0.023221,0.000900,-0.001632
2003-06,0.057040,0.057040,-0.050412,0.001000,0.001090
2003-07,0.005971,0.005971,-0.034312,0.000700,0.001089
2003-08,-0.001651,-0.001651,0.018240,0.000700,0.003806
2003-09,0.031624,0.031624,0.001945,0.000800,0.003250
2003-10,0.020300,0.020300,0.002769,0.000700,-0.001080
2003-11,0.012127,0.012127,0.006005,0.000700,-0.002703
2003-12,0.030659,0.030659,0.013300,0.000800,-0.001084
2004-01,0.049366,0.049366,0.009160,0.000700,0.004883
2004-02,0.010882,0.010882,0.024000,0.000600,0.005400
2004-03,-0.015637,-0.015637,-0.038633,0.000900,0.006445
2004-04,0.009696,0.009696,-0.025631,0.000800,0.003202
2004-05,-0.025628,-0.025628,0.003143,0.000600,0.005851
2004-06,0.028591,0.028591,0.022313,0.000800,0.003173
2004-07,-0.022374,-0.022374,0.021502,0.001000,-0.001581
2004-08,-0.013862,-0.013862,0.015755,0.001100,0.000528
2004-09,0.027841,0.027841,0.005883,0.001100,0.002111
2004-10,0.001033,0.001033,-0.003876,0.001100,0.005266
2004-11,0.047746,0.047746,0.000256,0.001500,0.000524
2004-12,0.027281,0.027281,0.004334,0.001600,-0.003665
2005-01,-0.013474,-0.013474,0.007572,0.001600,0.002102
2005-02,0.016831,0.016831,-0.022884,0.001600,0.005768
2005-03,-0.002538,-0.002538,0.016625,0.002100,0.007821
2005-04,-0.024073,-0.024073,0.019860,0.002100,0.006725
2005-05,0.013375,0.013375,0.014895,0.002400,-0.001028
2005-06,0.021823,0.021823,-0.011259,0.002300,0.000514
2005-07,0.018090,0.018090,-0.002978,0.002400,0.004627
2005-08,0.003112,0.003112,0.008410,0.003000,0.005118
2005-09,0.002809,0.002809,-0.017306,0.002900,0.012220
2005-10,-0.026225,-0.026225,-0.002662,0.002700,0.002012
2005-11,0.039633,0.039633,0.009382,0.003100,-0.008032
2005-12,0.021458,0.021458,0.007734,0.003200,-0.004049
2006-01,0.014680,0.014680,-0.008259,0.003500,0.007622
2006-02,-0.000154,-0.000154,-0.008052,0.003400,0.002017
2006-03,0.014874,0.014874,-0.017153,0.003700,0.005536
2006-04,0.007997,0.007997,-0.005162,0.003600,0.008509
2006-05,-0.007852,-0.007852,0.004258,0.004300,0.004963
2006-06,-0.027044,-0.027044,0.005813,0.004000,0.001975
2006-07,0.007215,0.007215,0.020725,0.004000,0.002957
2006-08,0.022932,0.022932,0.016718,0.004200,0.001966
2006-09,0.025326,0.025326,0.003143,0.004100,-0.004904
2006-10,0.036176,0.036176,0.014278,0.004100,-0.005421
2006-11,0.020032,0.020032,0.007020,0.004200,-0.001487
2006-12,0.021498,0.021498,-0.011985,0.004000,0.001489
2007-01,0.006940,0.006940,0.007129,0.004400,0.003053
2007-02,0.015972,0.015972,0.016678,0.003800,0.005350
2007-03,-0.024727,-0.024727,-0.006493,0.004300,0.009106
2007-04,0.041816,0.041816,-0.000829,0.004400,0.006496
2007-05,0.033930,0.033930,-0.023239,0.004100,0.006111
2007-06,0.003462,0.003462,0.012056,0.004000,0.001938
2007-07,0.005761,0.005761,0.030320,0.004000,-0.000254
2007-08,-0.041996,-0.041996,0.015862,0.004200,-0.001834
2007-09,0.030763,0.030763,0.002969,0.003200,0.002756
2007-10,0.029930,0.029930,0.034624,0.003200,0.002139
2007-11,-0.048050,-0.048050,0.007527,0.003400,0.005940
2007-12,0.012396,0.012396,0.033206,0.002700,-0.000671
2008-01,-0.066341,-0.066341,0.003117,0.002100,0.004971
2008-02,-0.015628,-0.015628,0.022355,0.001300,0.002904
2008-03,-0.026255,-0.026255,-0.011182,0.001700,0.008668
2008-04,0.042447,0.042447,-0.013375,0.001800,0.006065
2008-05,0.025634,0.025634,-0.014668,0.001800,0.008421
2008-06,-0.042458,-0.042458,0.010771,0.001700,0.010077
2008-07,-0.060782,-0.060782,0.013202,0.001500,0.005251
2008-08,0.021108,0.021108,0.019830,0.001300,-0.003992
2008-09,-0.048472,-0.048472,-0.006822,0.001500,-0.001383
2008-10,-0.201946,-0.201946,0.026574,0.000800,-0.010101
2008-11,-0.086067,-0.086067,0.100717,0.000300,-0.019153
2008-12,-0.003527,-0.003527,-0.006750,0.000000,-0.010342
2009-01,-0.010991,-0.010991,-0.028075,0.000000,0.004352
2009-02,-0.067061,-0.067061,0.006713,0.000100,0.004973
2009-03,-0.056913,-0.056913,-0.007107,0.000200,0.002432
2009-04,0.123156,0.123156,-0.027984,0.000100,0.002496
2009-05,0.066544,0.066544,-0.032873,0.000000,0.002889
2009-06,0.028637,0.028637,0.016452,0.000100,0.008590
2009-07,0.012726,0.012726,0.000467,0.000100,-0.001586
2009-08,0.081157,0.081157,0.018967,0.000100,0.002243
2009-09,0.036457,0.036457,0.003675,0.000100,0.000625
2009-10,0.023991,0.023991,0.001984,0.000000,0.000963
2009-11,0.020904,0.020904,-0.013000,0.000000,0.000708
2009-12,0.022221,0.022221,-0.008598,0.000100,-0.001761
2010-01,0.013557,0.013557,0.006426,0.000000,0.003417
2010-02,-0.028997,-0.028997,-0.000236,0.000000,0.000249
2010-03,0.059417,0.059417,-0.006770,0.000100,0.004106
2010-04,0.040883,0.040883,0.039328,0.000100,0.001737
2010-05,-0.058821,-0.058821,0.021523,0.000100,0.000775
2010-06,-0.035432,-0.035432,0.018939,0.000100,-0.000976
2010-07,-0.001583,-0.001583,0.029452,0.000100,0.000211
2010-08,0.008644,0.008644,0.006606,0.000100,0.001381
2010-09,0.033719,0.033719,0.011842,0.000100,0.000582
2010-10,0.045784,0.045784,-0.016950,0.000100,0.001245
2010-11,0.024918,0.024918,-0.042494,0.000100,0.000421
2010-12,0.037146,0.037146,-0.005670,0.000100,0.001718
2011-01,0.034638,0.034638,-0.013015,0.000100,0.004763
2011-02,0.031524,0.031524,0.017270,0.000100,0.004931
2011-03,-0.011110,-0.011110,-0.001350,0.000100,0.009751
2011-04,0.022229,0.022229,0.027532,0.000000,0.006439
2011-05,0.006611,0.006611,0.017208,0.000000,0.004704
2011-06,-0.036607,-0.036607,0.002500,0.000000,-0.001071
2011-07,0.031035,0.031035,0.064516,0.000000,0.000886
2011-08,-0.103989,-0.103989,0.030707,0.000100,0.002758
2011-09,-0.007873,-0.007873,-0.013520,0.000000,0.001518
2011-10,0.030219,0.030219,0.014369,0.000000,-0.002063
2011-11,0.017700,0.017700,0.004374,0.000000,-0.000844
2011-12,0.015576,0.015576,0.002550,0.000000,-0.002467
2012-01,0.047846,0.047846,0.001642,0.000000,0.004400
2012-02,0.041646,0.041646,-0.016188,0.000000,0.004403
2012-03,0.028857,0.028857,0.012568,0.000000,0.007595
2012-04,-0.000363,-0.000363,0.024398,0.000000,0.003021
2012-05,-0.030890,-0.030890,0.017980,0.000100,-0.001173
2012-06,-0.011504,-0.011504,0.009626,0.000000,-0.001466
2012-07,0.029238,0.029238,-0.012418,0.000000,-0.001630
2012-08,0.033903,0.033903,-0.002244,0.000100,0.005565
2012-09,0.030237,0.030237,-0.001296,0.000100,0.004462
2012-10,-0.002139,-0.002139,0.010600,0.000100,-0.000389
2012-11,-0.028343,-0.028343,-0.005003,0.000100,-0.004738
2012-12,0.021788,0.021788,-0.015719,0.000100,-0.002693
2013-01,0.042704,0.042704,-0.004706,0.000000,0.002957
2013-02,0.023346,0.023346,0.003451,0.000000,0.008190
2013-03,0.027240,0.027240,0.019820,0.000000,0.002615
2013-04,0.014559,0.014559,-0.013865,0.000000,-0.001040
2013-05,0.045763,0.045763,-0.031172,0.000000,0.001780
2013-06,-0.011158,-0.011158,-0.022559,0.000000,0.002400
2013-07,0.032564,0.032564,-0.011730,0.000000,0.000394
2013-08,0.002544,0.002544,-0.003769,0.000000,0.001203
2013-09,0.011943,0.011943,0.018919,0.000000,0.001163
2013-10,0.021185,0.021185,-0.006500,0.000000,-0.002575
2013-11,0.038609,0.038609,-0.013230,0.000000,-0.002042
2013-12,0.015226,0.015226,0.005867,0.000000,-0.000086
2014-01,0.009697,0.009697,0.015414,0.000000,0.003720
2014-02,-0.001281,-0.001281,0.001390,0.000000,0.003698
2014-03,0.027242,0.027242,0.003135,0.000000,0.006440
2014-04,0.002034,0.002034,0.015383,0.000000,0.003297
2014-05,0.015337,0.015337,-0.001360,0.000000,0.003493
2014-06,0.031980,0.031980,0.007422,0.000000,0.001862
2014-07,0.014974,0.014974,0.012687,0.000000,-0.000390
2014-08,-0.004254,-0.004254,-0.007622,0.000000,-0.001671
2014-09,0.017796,0.017796,0.022485,0.000000,0.000753
2014-10,-0.026453,-0.026453,-0.000737,0.000000,-0.002512
2014-11,0.057070,0.057070,0.012619,0.000000,-0.005399
2014-12,0.006352,0.006352,0.031676,0.000000,-0.005670
2015-01,-0.011082,-0.011082,-0.007430,0.000000,-0.004706
2015-02,0.028293,0.028293,-0.003733,0.000000,0.004343
2015-03,0.000572,0.000572,0.010714,0.000000,0.005952
2015-04,0.008797,0.008797,-0.021529,0.000000,0.002033
2015-05,0.009801,0.009801,-0.012301,0.000000,0.005097
2015-06,-0.004343,-0.004343,0.005507,0.000000,0.003503
2015-07,-0.000786,-0.000786,0.015306,0.000000,0.000067
2015-08,-0.024234,-0.024234,0.001808,0.000000,-0.001416
2015-09,-0.045060,-0.045060,0.010766,0.000000,-0.001557
2015-10,0.043184,0.043184,-0.015140,0.000000,-0.000450
2015-11,0.029337,0.029337,0.003660,0.000000,-0.002111
2015-12,-0.011018,-0.011018,0.015291,0.000100,-0.003417
2016-01,-0.064190,-0.064190,0.029904,0.000100,0.001653
2016-02,-0.005492,-0.005492,-0.008457,0.000200,0.000823
2016-03,0.063634,0.063634,0.008832,0.000200,0.004306
2016-04,0.028321,0.028321,0.001508,0.000100,0.004741
2016-05,-0.003036,-0.003036,0.017057,0.000100,0.004046
2016-06,0.010673,0.010673,0.014259,0.000200,0.003284
2016-07,0.032982,0.032982,-0.004259,0.000200,-0.001618
2016-08,0.012000,0.012000,-0.005106,0.000200,0.000918
2016-09,-0.004379,-0.004379,-0.010463,0.000200,0.002404
2016-10,-0.005051,-0.005051,-0.032459,0.000200,0.001247
2016-11,0.012020,0.012020,-0.028944,0.000100,-0.001555
2016-12,0.039468,0.039468,0.007358,0.000300,0.000327
2017-01,0.014385,0.014385,0.002906,0.000400,0.005828
2017-02,0.025773,0.025773,-0.003253,0.000400,0.003146
2017-03,0.017501,0.017501,0.018014,0.000300,0.000813
2017-04,-0.001530,-0.001530,0.001917,0.000500,0.002966
2017-05,0.016934,0.016934,0.011714,0.000600,0.000855
2017-06,0.017774,0.017774,-0.009681,0.000600,0.000907
2017-07,0.009890,0.009890,0.011721,0.000700,-0.000690
2017-08,0.002489,0.002489,0.002732,0.000900,0.002994
2017-09,0.016543,0.016543,-0.012301,0.000900,0.005295
2017-10,0.027356,0.027356,0.002850,0.000900,-0.000632
2017-11,0.015904,0.015904,-0.002450,0.000800,0.000024
2017-12,0.028843,0.028843,-0.013735,0.000900,-0.000588
2018-01,0.048630,0.048630,-0.022002,0.001100,0.005448
2018-02,-0.028856,-0.028856,0.004110,0.001100,0.004535
2018-03,0.000657,0.000657,-0.000220,0.001200,0.002261
2018-04,-0.016630,-0.016630,-0.006701,0.001400,0.003975
2018-05,0.019627,0.019627,0.008159,0.001400,0.004159
2018-06,0.021140,0.021140,0.004148,0.001400,0.001594
2018-07,0.015821,0.015821,0.002408,0.001600,0.000067
2018-08,0.024521,0.024521,-0.007017,0.001600,0.000556
2018-09,0.016811,0.016811,-0.010262,0.001500,0.001162
2018-10,-0.038476,-0.038476,0.005181,0.001900,0.001767
2018-11,-0.020747,-0.020747,0.027650,0.001800,-0.003349
2018-12,-0.055611,-0.055611,0.012783,0.001900,-0.003194
2019-01,0.017369,0.017369,0.004868,0.002100,0.001907
2019-02,0.058302,0.058302,0.011854,0.001800,0.004227
2019-03,0.019492,0.019492,0.005647,0.001900,0.005641
2019-04,0.037243,0.037243,0.013571,0.002100,0.005295
2019-05,-0.015307,-0.015307,0.032472,0.002100,0.002129
2019-06,0.014059,0.014059,0.041066,0.001800,0.000199
2019-07,0.038284,0.038284,0.001358,0.001900,0.001671
2019-08,-0.031334,-0.031334,-0.005026,0.001600,-0.000051
2019-09,0.030863,0.030863,0.000505,0.001800,0.000783
2019-10,0.000108,0.000108,-0.007646,0.001500,0.002286
2019-11,0.044346,0.044346,-0.003016,0.001200,-0.000536
2019-12,0.024702,0.024702,0.010643,0.001400,-0.000910
2020-01,0.033476,0.033476,0.025410,0.001300,0.003880
2020-02,0.001232,0.001232,0.061085,0.001200,0.002741
2020-03,-0.189166,-0.189166,0.020878,0.001200,-0.002176
2020-04,0.043187,0.043187,-0.000409,0.000000,-0.006687
2020-05,0.058875,0.058875,-0.005180,0.000100,0.000020
2020-06,0.065084,0.065084,0.011185,0.000100,0.005472
2020-07,0.034757,0.034757,-0.002364,0.000100,0.005058
2020-08,0.058928,0.058928,-0.002334,0.000100,0.003153
2020-09,-0.006277,-0.006277,-0.009922,0.000100,0.001393
2020-10,0.017255,0.017255,-0.006940,0.000100,0.000415
2020-11,0.039537,0.039537,-0.004957,0.000100,-0.000611
2020-12,0.042596,0.042596,-0.013325,0.000100,0.000941
2021-01,0.027948,0.027948,-0.015872,0.000000,0.004254
2021-02,0.024911,0.024911,-0.031010,0.000000,0.005474
2021-03,0.008209,0.008209,-0.001402,0.000000,0.007083
2021-04,0.060217,0.060217,0.003198,0.000000,0.008219
2021-05,0.007604,0.007604,0.010550,0.000000,0.008017
2021-06,0.018106,0.018106,0.019847,0.000000,0.009291
2021-07,0.030691,0.030691,0.004823,0.000000,0.004811
2021-08,0.021860,0.021860,-0.007274,0.000000,0.002066
2021-09,-0.000836,-0.000836,-0.018122,0.000000,0.002716
2021-10,0.004529,0.004529,0.003153,0.000000,0.008308
2021-11,0.047455,0.047455,0.009600,0.000000,0.004913
2021-12,0.002661,0.002661,-0.025146,0.000100,0.003073
2022-01,-0.020510,-0.020510,-0.013865,0.000000,0.008415
2022-02,-0.029016,-0.029016,-0.016256,0.000000,0.009134
2022-03,-0.008916,-0.008916,-0.051984,0.000000,0.013351
2022-04,0.001196,0.001196,-0.010622,0.000000,0.005583
2022-05,-0.078714,-0.078714,-0.018012,0.000300,0.011024
2022-06,-0.033680,-0.033680,0.023279,0.000600,0.013736
2022-07,0.004656,0.004656,0.002417,0.000800,-0.000118
2022-08,0.064483,0.064483,-0.049419,0.001900,-0.000354
2022-09,-0.072765,-0.072765,-0.034706,0.001900,0.002151
2022-10,-0.030900,-0.030900,0.010712,0.002300,0.004056
2022-11,0.052863,0.052863,0.025710,0.002900,-0.001010
2022-12,0.000120,0.000120,0.010538,0.003300,-0.003070
2023-01,0.013774,0.013774,-0.015254,0.003500,0.007995
2023-02,0.031479,0.031479,0.010600,0.003400,0.005582
2023-03,-0.025845,-0.025845,0.019818,0.003600,0.003311
2023-04,0.039966,0.039966,-0.006292,0.003500,0.005059
2023-05,0.007380,0.007380,-0.011913,0.003600,0.002518
2023-06,0.049425,0.049425,-0.009195,0.004000,0.003229
2023-07,0.038764,0.038764,-0.018649,0.004500,0.001908
2023-08,-0.009973,-0.009973,-0.013392,0.004500,0.004367
2023-09,-0.009532,-0.009532,-0.029438,0.004300,0.002485
2023-10,-0.030367,-0.030367,0.027963,0.004700,-0.000383
2023-11,0.046024,0.046024,0.042953,0.004400,-0.002015
2023-12,0.051759,0.051759,0.000089,0.004300,-0.000993
2024-01,0.029121,0.029121,-0.008760,0.004700,0.005448
2024-02,0.041996,0.041996,0.003508,0.004200,0.006190
2024-03,0.032824,0.032824,-0.022802,0.004300,0.006464
2024-04,-0.010085,-0.010085,0.008580,0.004700,0.003893
2024-05,0.025173,0.025173,0.017432,0.004400,0.001662
2024-06,0.035512,0.035512,0.008440,0.004100,0.000338
2024-07,0.023804,0.023804,0.034795,0.004500,0.001162
2024-08,-0.009699,-0.009699,0.015649,0.004800,0.000814
2024-09,0.027228,0.027228,-0.027821,0.004000,0.001604
2024-10,0.031526,0.031526,-0.017486,0.003900,0.001151
2024-11,0.024825,0.024825,0.001225,0.004000,-0.000542
2024-12,0.014710,0.014710,-0.015397,0.003700,0.000355
2025-01,-0.004179,-0.004179,0.018269,0.003700,0.006546
2025-02,0.010951,0.010951,0.017426,0.003300,0.004442
2025-03,-0.057688,-0.057688,0.003567,0.003400,0.002247
2025-04,-0.054206,-0.054206,-0.007657,0.003500,0.003114
2025-05,0.083404,0.083404,0.006896,0.003800,0.002089
2025-06,0.038802,0.038802,0.002847,0.003400,0.003409
2025-07,0.045278,0.045278,0.014158,0.003400,0.001510
2025-08,0.018893,0.018893,0.014931,0.003800,0.002873
2025-09,0.028337,0.028337,0.008325,0.003300,0.002543
2025-10,0.024034,0.024034,0.000941,0.003700,0.001268
2025-11,0.001751,0.001751,-0.000653,0.003000,-0.003352
2025-12,0.017619,0.017619,-0.002217,0.003400,-0.000210
2026-01,0.011104,0.011104,0.010009,0.003000,0.003697
2026-02,-0.005097,-0.005097,0.009966,0.000000,0.001842
2026-03,-0.003526,-0.003526,0.003314,0.000000,0.000919